title,description
Design New Website,Create a modern and responsive website design for the upcoming product launch.
Write Marketing Campaign,Develop a creative marketing campaign strategy targeting our new demographic.
Research Market Trends,Conduct in-depth research on current market trends and analyze competitors' strategies.
Plan Company Retreat,Organize the annual company retreat, including venue selection and team-building activities.
Revamp Product Packaging,Collaborate with the design team to revamp product packaging for a more appealing look.
Implement Chatbot Feature,Integrate a smart chatbot feature into the customer support platform to enhance user experience.
Create Video Tutorial Series,Produce a series of video tutorials to onboard new users and showcase product features.
Optimize SEO Strategy,Review and optimize the website's SEO strategy to improve search engine ranking and visibility.
Launch Social Media Campaign,Execute a cross-platform social media campaign to generate buzz around the upcoming product launch.
Conduct User Feedback Surveys,Design and distribute user feedback surveys to gather insights for product improvement.